course_id,course_title,course_description,category,tags,instructor,level,course_thumbnail,video_id,video_title,video_order,video_duration
py101,Python for Beginners,"Learn Python programming from scratch. Covers variables, loops, functions, and basic data structures with hands-on examples.",Programming,python;beginner;programming basics,freeCodeCamp,Beginner,,rfscVS0vtbw,Introduction and setup,1,15:20
py101,Python for Beginners,"Learn Python programming from scratch. Covers variables, loops, functions, and basic data structures with hands-on examples.",Programming,python;beginner;programming basics,freeCodeCamp,Beginner,,kqtD5dpn9C8,Variables and data types,2,22:10
py101,Python for Beginners,"Learn Python programming from scratch. Covers variables, loops, functions, and basic data structures with hands-on examples.",Programming,python;beginner;programming basics,freeCodeCamp,Beginner,,t8pPdKYpowI,Loops and conditionals,3,18:45
py101,Python for Beginners,"Learn Python programming from scratch. Covers variables, loops, functions, and basic data structures with hands-on examples.",Programming,python;beginner;programming basics,freeCodeCamp,Beginner,,9Os0av4YEbY,Functions and modules,4,20:05
ds201,Data Structures & Algorithms,"A practical walkthrough of core data structures and algorithms every developer should know, with coding interview tips.",Computer Science,dsa;interview prep;algorithms,CS Dojo,Intermediate,,RBSGKlAvoiM,Arrays and linked lists,1,25:30
ds201,Data Structures & Algorithms,"A practical walkthrough of core data structures and algorithms every developer should know, with coding interview tips.",Computer Science,dsa;interview prep;algorithms,CS Dojo,Intermediate,,YMcM4Ld8SNo,Stacks and queues,2,19:12
ds201,Data Structures & Algorithms,"A practical walkthrough of core data structures and algorithms every developer should know, with coding interview tips.",Computer Science,dsa;interview prep;algorithms,CS Dojo,Intermediate,,B7hVxCmfPtM,Trees and traversal,3,27:48
uxd301,UX Design Foundations,"An introduction to user experience design principles, wireframing, and usability testing for aspiring designers.",Design,ux;design;wireframing,DesignCourse,Beginner,,c9Wg6Cb_YlU,What is UX design?,1,12:40
uxd301,UX Design Foundations,"An introduction to user experience design principles, wireframing, and usability testing for aspiring designers.",Design,ux;design;wireframing,DesignCourse,Beginner,,tMPz8jNVI2s,Wireframing basics,2,17:55
uxd301,UX Design Foundations,"An introduction to user experience design principles, wireframing, and usability testing for aspiring designers.",Design,ux;design;wireframing,DesignCourse,Beginner,,Ovj4hFxko7c,Usability testing 101,3,14:22
